cast_id,movie_id,person_name,role
1,1,David Scott,Actor
2,1,Zachary Flowers,Producer
3,1,Larry Wilson,Actor
4,2,Lisa Williamson,Producer
5,2,Jerry Shaw,Actress
6,2,Elizabeth Anthony,Director
7,3,Kenneth Gordon,Actor
8,3,Melinda Burns,Director
9,3,Lindsay Taylor,Actress
10,3,Mr. Samuel Dawson DDS,Actor
11,4,Angela Gonzalez,Actress
12,4,Dr. Scott Collins,Actress
13,4,Samuel Mccoy,Actress
14,4,Adam Young,Actress
15,5,Wendy Bates,Actress
16,5,James Perkins,Actress
17,5,Charles Miles,Director
18,6,Pamela Sanchez,Actor
19,6,David Anderson,Actor
20,6,Laura Gutierrez,Producer
21,6,David Parker MD,Producer
22,7,Alexander Lopez,Actress
23,7,Cameron Garrett,Actor
24,7,Robert Buck,Producer
25,7,Cheryl Turner,Producer
26,7,Aaron Franco,Producer
27,8,Vickie Cameron,Actress
28,8,Sonya Salazar,Producer
29,8,Joshua Long,Actor
30,9,John Guerrero,Actor
31,9,Rachel Hart,Actor
32,9,Eddie Lawson,Producer
33,9,Nathan Rogers,Producer
34,10,William Hendricks,Producer
35,10,Angela Sharp,Producer
36,10,Marilyn Vance,Actress
37,10,Brenda Dickson,Actress
38,11,James Waller,Producer
39,11,Seth Allison,Director
40,11,Lisa Kim,Actress
41,11,Susan White,Director
42,12,George Howard,Director
43,12,Darlene Oneill,Actress
44,12,Alicia Wade,Actor
45,12,James Singleton,Director
46,13,Gregg Cooke,Actor
47,13,Mark Foley,Director
48,13,Mackenzie Brown,Director
49,13,Dennis Larsen,Actress
50,13,Diana Miller,Actress
51,14,Christina George,Director
52,14,Leah Williams,Actress
53,14,Amber Murray,Producer
54,15,Diana Schmidt,Actor
55,15,Joshua Tucker,Actor
56,15,Christopher Baker,Actress
57,15,Angela Wilson,Director
58,15,Natalie Watson,Actress
59,16,Clifford Glenn,Actor
60,16,Jacob Whitehead,Actress
61,16,Heather Marquez MD,Actress
62,17,Brian Bennett,Actress
63,17,James Weiss,Actress
64,17,Christine Bowers,Actor
65,17,Jennifer Owens,Director
66,17,Tara Lin,Actor
67,18,Elizabeth Stevens,Producer
68,18,Carl Bryan,Actor
69,18,Mark Perez,Actor
70,18,David Davis,Actor
71,19,Kevin Schwartz,Actor
72,19,Darren Oconnor,Director
73,19,Mary York,Actor
74,19,Amy Powell,Actress
75,20,Logan Rhodes,Director
76,20,Sarah Neal,Actor
77,20,Sheena Harrison,Producer
78,20,Teresa Davis,Director
79,21,Cameron Carlson,Producer
80,21,Rhonda Peck,Actress
81,21,Heather Hayes,Director
82,22,Charles Manning,Producer
83,22,Julian Roberts,Producer
84,22,Brandon Murphy,Producer
85,22,Michelle Lee,Producer
86,22,Tiffany Jordan,Actress
87,23,Laura Fitzgerald,Actor
88,23,Jared Smith,Actress
89,23,Kristen Peters,Actress
90,24,Victor Smith,Director
91,24,Nicole Tate,Actor
92,24,Billy Gibson,Producer
93,24,Michele Evans,Producer
94,24,Philip White,Director
95,25,Donna Hahn,Director
96,25,Lynn Carroll,Actor
97,25,Dr. Andrew Velez II,Actress
98,25,Amy Rush,Actor
99,26,Megan Thompson,Director
100,26,Jill Black,Actor
101,26,Bradley Cooper,Actor
102,27,Kathy Powers,Actor
103,27,Robert Hernandez,Director
104,27,Linda Brown,Director
105,28,Mary Hall,Producer
106,28,Marcus Hall,Producer
107,28,Michele Waters,Director
108,29,Carolyn Burns,Actor
109,29,Kimberly Thomas,Producer
110,29,Mark Brewer,Director
111,29,Casey Moore,Producer
112,29,Jake Kelley,Actor
113,30,Sabrina Hahn,Producer
114,30,Jesse Clark,Producer
115,30,Jesus Anderson,Director
116,30,Julie Li,Actor
117,30,Anthony Byrd,Actor
118,31,Alison Calhoun,Producer
119,31,Steven Newton,Producer
120,31,Jennifer Whitehead,Director
121,31,Tyler Taylor,Producer
122,32,Jo Nichols,Director
123,32,Robert Curtis,Director
124,32,Justin Spears,Actress
125,33,Paul Moss,Director
126,33,Ashley Turner,Producer
127,33,Laura Haynes,Producer
128,34,Wendy Raymond,Producer
129,34,Jamie Oneal,Director
130,34,Jessica Gregory,Director
131,35,Anthony Walter,Actor
132,35,Michael Hobbs,Actress
133,35,Steven Allen,Producer
134,35,Mary Green,Actor
135,36,Scott Franco,Actress
136,36,Kenneth Gonzales,Producer
137,36,Mr. Russell Leonard,Actor
138,36,Nathaniel Gonzalez,Actress
139,36,Mr. Luis Hartman,Actor
140,37,Paul Mueller,Director
141,37,Jacqueline Bryant,Director
142,37,Francisco Owens,Actor
143,37,Christina Stanton,Producer
144,38,Jared King,Actor
145,38,Melissa Rosales,Director
146,38,David Logan,Actor
147,38,Brendan Shaw,Director
148,39,Thomas Miller,Director
149,39,Cody Ward,Actor
150,39,Amy Thomas,Producer
151,40,Jimmy Bonilla,Actress
152,40,Olivia Campbell,Actor
153,40,Eric Cochran,Producer
154,40,Christopher Little,Producer
155,41,Deborah Dunn,Actor
156,41,Amy Page,Actress
157,41,Timothy Santiago,Actress
158,42,Stephen Elliott,Director
159,42,Brandy Lopez,Actor
160,42,Evan Gibson,Director
161,43,Alicia Morgan,Actress
162,43,Gary Allen,Actor
163,43,Mark Drake,Director
164,43,Henry Wilson,Actor
165,43,Michele Brown DVM,Producer
166,44,Victor Valdez,Producer
167,44,Lindsey Ray,Actor
168,44,Lisa Booth,Producer
169,44,Matthew Smith,Director
170,45,Isaiah Chapman,Actor
171,45,Sarah Allen,Actress
172,45,Heather Farrell,Producer
173,45,Kent Dunn,Actress
174,46,Sarah Hanson,Actress
175,46,Marie Rodgers,Director
176,46,Misty Bright,Producer
177,47,Amanda Thompson,Actor
178,47,Ryan Brown,Producer
179,47,Jesse Robbins,Actress
180,47,Sean Adams MD,Director
181,47,Matthew Howard,Producer
182,48,Chad Robinson,Producer
183,48,Leslie Hopkins,Actor
184,48,Daniel Moran,Actor
185,49,Jennifer Simpson,Actor
186,49,Jessica Ward,Director
187,49,Antonio Day,Actor
188,49,Leah Davila,Actress
189,50,Alicia Henderson,Actress
190,50,Kimberly May,Actor
191,50,Mrs. Latasha Mcintyre,Actress
192,50,Mrs. Monique Garcia,Actor
193,50,Matthew Johnson,Director
194,51,Jeff Pennington,Actress
195,51,Rebecca Strickland,Producer
196,51,Denise Jordan,Director
197,51,Patricia Griffin,Director
198,52,Matthew Giles,Producer
199,52,Joshua Brewer,Director
200,52,John Lynch,Director
201,52,Matthew Riley,Actress
202,52,Sydney Wu,Producer
203,53,John Harris,Director
204,53,Harold Aguilar,Actress
205,53,Diane Hampton,Actor
206,53,Elizabeth Brown,Producer
207,54,James Murphy,Actress
208,54,Shannon Harris,Actress
209,54,Susan Johnson,Actress
210,54,Kimberly Taylor,Director
211,55,Kimberly Miller,Actress
212,55,Riley Garcia,Actor
213,55,Connie Chung,Director
214,55,Mary Mayer,Producer
215,56,Wendy Hale,Actress
216,56,Cindy Young,Director
217,56,Stacey Bates,Director
218,56,Nicholas Tyler,Producer
219,56,Kenneth Park,Actor
220,57,Mary Fowler,Actress
221,57,John White,Producer
222,57,Russell Walton,Actress
223,57,Elizabeth Peterson,Director
224,57,Reginald Thompson,Director
225,58,Justin Reyes,Actress
226,58,Justin Jackson,Producer
227,58,Jessica Lee,Director
228,58,Martha Conway,Director
229,58,Jose Martin,Actress
230,59,Michael Conner,Actor
231,59,Daniel Mccoy,Producer
232,59,Megan Beard,Actress
233,59,Melissa Lewis,Producer
234,60,Lindsey Blair,Actor
235,60,Gwendolyn Martin,Director
236,60,David Reeves,Director
237,60,Mr. Patrick Fields,Producer
238,60,Jennifer Silva,Producer
239,61,Tiffany Edwards,Director
240,61,Elizabeth Sims,Producer
241,61,Kelsey Morales,Actress
242,62,Vicki Robinson,Actor
243,62,Kimberly Evans,Actor
244,62,Ann Fernandez,Director
245,63,Heather Brown,Producer
246,63,Robert Lindsey,Producer
247,63,Mary Mccoy,Director
248,63,Brian Nixon,Producer
249,64,Bruce Ellis,Producer
250,64,Walter Arnold,Producer
251,64,Jennifer Baker,Director
252,64,Brittany Joseph,Actor
253,64,Donald Mejia,Actor
254,65,Margaret Nelson,Director
255,65,Tony Alvarado,Director
256,65,Russell Shaw,Actor
257,66,Luis Martinez,Actress
258,66,Samuel Macias,Actor
259,66,Mary Day,Actress
260,66,Priscilla Morgan,Actress
261,67,Steven Greene,Director
262,67,Caitlin Campbell,Director
263,67,Raymond Ford,Actor
264,68,Ryan Pratt,Producer
265,68,Robert Sullivan,Director
266,68,Kurt Reilly,Actor
267,69,Michele Greene,Actress
268,69,Lawrence Garcia,Producer
269,69,Teresa Brown MD,Director
270,70,Jorge Davidson,Actor
271,70,Kelli Hines,Actress
272,70,Sandra Osborne,Director
273,71,Gwendolyn Berry,Producer
274,71,Kristin Bell,Actor
275,71,Cameron Schultz,Producer
276,71,Jenna Bowers,Actress
277,72,Antonio Gordon,Actress
278,72,Brian Shepherd,Director
279,72,Alexander Hines,Producer
280,72,Christopher Gonzales,Producer
281,72,David Ward,Actress
282,73,James Blanchard,Producer
283,73,Vicki Wilkerson,Producer
284,73,Patricia Oconnor,Director
285,73,Richard Green,Actor
286,73,David Terry,Director
287,74,Anna Sweeney,Actor
288,74,Lisa Pratt,Actor
289,74,George Taylor,Producer
290,75,Carolyn Hammond,Producer
291,75,Christopher Baker,Producer
292,75,Stephanie Williams,Director
293,75,Andrea Whitaker,Producer
294,76,Christina Cook,Producer
295,76,Scott Higgins MD,Producer
296,76,Lisa Drake,Actress
297,76,Cody Miller DDS,Actress
298,76,Anthony Curtis,Director
299,77,Willie Guerra,Actor
300,77,Chelsea Pitts,Actress
301,77,Jean Gross,Director
302,77,Tyler Diaz Jr.,Producer
303,78,Shawna Novak,Actress
304,78,Nathan Johnson,Actor
305,78,Scott Brady,Actress
306,78,Casey Walters,Producer
307,78,Nathan Porter,Actor
308,79,Megan Trevino,Producer
309,79,James Gray,Director
310,79,Mark Oconnor,Actress
311,79,Amy Summers,Director
312,80,Anna Rodriguez,Actor
313,80,Bradley Weber,Director
314,80,Maria Johns,Actor
315,80,Andrea Davis,Actor
316,80,Dr. Trevor Carter MD,Director
317,81,Brian Evans,Actor
318,81,Elizabeth Whitehead,Actor
319,81,Theresa Patterson,Actress
320,82,Alexis Oneal,Producer
321,82,Dawn Pierce,Actress
322,82,Denise Martinez,Director
323,83,Joanna Armstrong,Actor
324,83,Kyle Reid,Producer
325,83,Jeffrey Rios,Actor
326,83,Michelle Crosby,Director
327,84,Amber Dyer,Actress
328,84,Amy Browning,Actress
329,84,Karen Russell,Director
330,84,Alan Campbell,Actress
331,85,Brian Higgins,Producer
332,85,Matthew Brown,Actress
333,85,Benjamin Jackson,Actress
334,85,Briana Miller,Actor
335,85,Daniel Rivera,Actor
336,86,Jasmine Gonzalez,Actor
337,86,Laura Miller,Actress
338,86,Julia Coleman,Actor
339,87,Lisa Cabrera,Director
340,87,Michael Shepherd,Actor
341,87,Alex Stewart,Director
342,88,Dominique Williams,Director
343,88,Rebecca Hernandez,Actor
344,88,John Gonzalez,Actor
345,88,Lindsay Smith,Actor
346,88,Brenda Phillips,Director
347,89,Sharon Smith,Actress
348,89,Jeffrey Brown,Director
349,89,Nancy Atkinson,Director
350,90,Bradley Ortiz,Director
351,90,Jennifer Johnston,Actress
352,90,Joshua Fuller,Director
353,90,Lisa Miller,Producer
354,91,Amy Greene,Producer
355,91,Rachael Cook,Director
356,91,William Perez,Director
357,91,Susan Keller,Actor
358,91,Roy Park,Producer
359,92,Adrian Ellison,Actress
360,92,Benjamin Andersen,Director
361,92,Jason Rice,Director
362,93,Keith Patterson,Producer
363,93,Brian Knight,Producer
364,93,Dr. Jennifer Hall DDS,Actress
365,94,Bryan Kaiser,Producer
366,94,Amy Kline,Director
367,94,Tracy Graham,Actor
368,94,Taylor Cunningham,Actress
369,95,Keith Stevens,Actress
370,95,Carl Wood,Actress
371,95,Robert Clark,Actor
372,96,Kyle Tapia,Producer
373,96,Donald Jackson,Producer
374,96,Gabriel Mccarthy,Actor
375,96,Jennifer Poole,Producer
376,96,Gary Thomas,Actress
377,97,Thomas Powers,Director
378,97,Tabitha Harper,Actress
379,97,Donald King,Actor
380,97,Gary Miller,Actor
381,97,Kristen Parker,Actress
382,98,David Brown,Producer
383,98,Brian Sharp,Actress
384,98,Lynn Dougherty,Actress
385,98,Brandon Stanton,Producer
386,98,Joseph Johnson,Actor
387,99,Kathryn Gonzalez,Actress
388,99,Tracy Peterson,Director
389,99,David Taylor,Director
390,100,Terri Bowman,Actor
391,100,Christopher Montgomery,Actor
392,100,Jeffrey Cuevas,Producer
393,100,David Dominguez,Actor
394,100,Nicole Romero,Actress
